{
  "com.liferay.oauth2.provider.configuration.OAuth2ProviderApplicationHeadlessServerConfiguration~liferay-sample-site-initializer-v6-oahs/instance1" : {
    ".serviceAddress" : "localhost:8080",
    ".serviceScheme" : "http",
    ":configurator:policy" : "force",
    "baseURL" : "${portalURL}/o/liferay-sample-site-initializer_instance1",
    "buildTimestamp" : 1770712537722,
    "description" : "",
    "dxp.lxc.liferay.com.virtualInstanceId" : "instance1",
    "homePageURL" : "$[conf:.serviceScheme]://$[conf:.serviceAddress]",
    "name" : "Liferay Sample Site Initializer V6 OAuth Application Headless Server",
    "projectId" : "liferaysamplesiteinitializer",
    "projectName" : "liferay-sample-site-initializer",
    "properties" : [ ],
    "scopes" : [ "Liferay.Headless.Site.everything" ],
    "sourceCodeURL" : "",
    "type" : "oAuthApplicationHeadlessServer",
    "typeSettings" : [ ".serviceScheme=http", "scopes=Liferay.Headless.Site.everything", ".serviceAddress=localhost:8080" ],
    "webContextPath" : "/liferay-sample-site-initializer_instance1"
  }
}