{
  "com.liferay.client.extension.type.configuration.CETConfiguration~liferay-sample-custom-element-4" : {
    ":configurator:policy" : "force",
    "baseURL" : "${portalURL}/o/liferay-sample-custom-element-react-dom",
    "buildTimestamp" : 1770625758472,
    "description" : "",
    "dxp.lxc.liferay.com.virtualInstanceId" : "liferay.com",
    "name" : "Liferay Sample Custom Element 4",
    "projectId" : "liferaysamplecustomelementreactdom",
    "projectName" : "liferay-sample-custom-element-react-dom",
    "properties" : [ ],
    "sourceCodeURL" : "",
    "type" : "customElement",
    "typeSettings" : [ "friendlyURLMapping=liferay-sample-custom-element-4", "instanceable=false", "urls=index.9c49ec8b93a149326a92.js", "useESM=true", "htmlElementName=liferay-sample-custom-element-4", "portletCategoryName=category.client-extensions" ],
    "webContextPath" : "/liferay-sample-custom-element-react-dom"
  },
  "com.liferay.client.extension.type.configuration.CETConfiguration~liferay-sample-custom-element-4-instance1" : {
    ":configurator:policy" : "force",
    "baseURL" : "${portalURL}/o/liferay-sample-custom-element-react-dom",
    "buildTimestamp" : 1770625758472,
    "description" : "",
    "dxp.lxc.liferay.com.virtualInstanceId" : "instance1",
    "name" : "Liferay Sample Custom Element 4",
    "projectId" : "liferaysamplecustomelementreactdom",
    "projectName" : "liferay-sample-custom-element-react-dom",
    "properties" : [ ],
    "sourceCodeURL" : "",
    "type" : "customElement",
    "typeSettings" : [ "friendlyURLMapping=liferay-sample-custom-element-4", "instanceable=false", "urls=index.9c49ec8b93a149326a92.js", "useESM=true", "htmlElementName=liferay-sample-custom-element-4", "portletCategoryName=category.client-extensions" ],
    "webContextPath" : "/liferay-sample-custom-element-react-dom"
  }
}